name,number
James,2544998.5
John,2467465.5
Robert,2387445.5
Michael,2211153.0
William,1986385.5
Mary,1882123.5
David,1827150.5
Joseph,1288584.0
Richard,1277751.0
Charles,1158250.0
Thomas,1144248.0
Christopher,1033974.0
Daniel,981443.0
Matthew,822738.5
Elizabeth,791423.0
Patricia,786153.5
Anthony,737963.5
Jennifer,736406.0
Linda,725772.5
Barbara,713752.0
Donald,704260.5
Paul,686762.0
Mark,679196.5
George,677288.0
Andrew,654139.0
Steven,645507.5
Kenneth,638855.5
Joshua,621830.5
Edward,616827.0
Kevin,592080.0
Brian,586792.5
Margaret,572466.5
Susan,555649.0
Ronald,540292.5
Timothy,540277.5
Dorothy,529173.5
Jason,525107.5
Jessica,524793.0
Sarah,523344.5
Nancy,493641.0
Betty,493556.5
Karen,493182.0
Ryan,491988.5
Jeffrey,489484.0
Jacob,486031.5
Lisa,482893.0
Nicholas,459469.5
Helen,451737.5
Gary,450069.5
Eric,443542.0
Emily,437307.5
Sandra,436817.0
Ashley,434068.0
Jonathan,433134.0
Stephen,428820.5
Kimberly,423127.0
Donna,413753.5
Frank,413397.0
Carol,408960.0
Michelle,407969.5
Larry,402521.5
Benjamin,401297.5
Justin,393762.0
Samuel,393154.0
Amanda,389125.5
Scott,385672.0
Brandon,384950.5
Anna,381987.0
Melissa,378342.0
Raymond,378283.0
Laura,377992.5
Ruth,371900.0
Stephanie,371697.5
Rebecca,371665.5
Deborah,369480.0
Jack,365698.0
Alexander,361419.5
Sharon,360380.0
Gregory,354854.0
Cynthia,353716.5
Kathleen,353007.5
Amy,345512.5
Henry,344966.5
Shirley,343627.0
Emma,341690.0
Patrick,338987.0
Angela,334185.5
Virginia,313702.5
Jerry,311425.5
Catherine,310398.5
Katherine,310292.0
Dennis,308025.0
Tyler,307290.5
Aaron,303773.0
Brenda,303206.0
Evelyn,301572.5
Nicole,296427.5
Pamela,296130.0
Samantha,294517.0
Jose,292480.0
Nathan,288523.0
Christine,288397.0
Peter,286996.5
Adam,285977.5
Walter,285782.5
Rachel,281166.5
Douglas,278150.0
Maria,277488.0
Janet,275720.5
Carolyn,275237.5
Kelly,274839.0
Zachary,274331.0
Debra,274040.5
Olivia,273898.5
Frances,269031.0
Willie,267121.5
Jordan,264405.5
Harold,263836.0
Heather,261829.5
Diane,257746.5
Victoria,257587.0
Terry,257350.0
Julie,253783.0
Noah,253562.5
Alice,253133.0
Joyce,252851.0
Arthur,248075.5
Martha,247197.5
Kyle,244176.0
Joan,240468.5
Carl,240161.5
Ethan,238495.5
Lauren,237588.5
Christina,236922.0
Marie,233307.5
Jean,232436.5
Christian,231547.0
Grace,231125.0
Ann,225808.0
Hannah,225050.5
Judith,224976.0
Doris,224975.5
Albert,223174.5
Andrea,222683.5
Lawrence,222407.0
Jeremy,222133.0
Gerald,221945.0
Megan,219149.0
Roger,218948.5
Cheryl,218473.0
Kathryn,218416.5
Taylor,218414.0
Rose,218214.0
Keith,217746.0
Julia,217050.5
Joe,216735.0
Austin,216326.5
Dylan,212608.0
Charlotte,212102.5
Jacqueline,211923.5
Sara,211821.5
Sean,211353.5
Jesse,210240.5
Madison,208879.0
Sophia,207988.0
Gloria,205989.5
Teresa,204280.5
Logan,204091.0
Alexis,203244.5
Abigail,202573.5
Janice,201445.0
Lillian,200619.5
Isabella,200259.0
Mildred,197618.5
Ralph,195288.5
Gabriel,195006.0
Theresa,194319.5
Bryan,192831.0
Billy,191532.0
Bruce,191141.5
Roy,189778.5
Judy,189406.0
Louis,188282.5
Beverly,188224.5
Natalie,186185.5
Amber,185611.5
Leslie,185274.5
Denise,185264.5
Marilyn,185130.0
Danielle,185031.0
Jane,182511.5
Elijah,182376.0
Eugene,182294.5
Diana,182229.0
Juan,179935.0
Brittany,179683.0
Harry,179568.5
Alan,179527.5
Angel,177867.5
Vincent,177414.5
Jamie,176356.0
Wayne,175105.0
Russell,174538.5
Kayla,171925.5
Ruby,170858.5
Shannon,170618.0
Lori,169719.0
Tiffany,168748.5
Liam,168082.0
Philip,167669.5
Shawn,167601.0
Cameron,166974.0
Mason,166538.0
Kathy,165555.0
Ava,165473.5
Robin,165200.5
Randy,164940.5
Tammy,164930.5
Crystal,164120.0
Howard,162710.5
Bonnie,161299.5
Victor,160945.5
Erin,160128.0
Lucas,159293.0
Lois,159232.5
Bobby,159110.5
Isaac,158716.5
Phyllis,158612.0
Caleb,158108.0
Allison,157580.0
Johnny,157324.0
Alyssa,156327.5
Luke,155808.0
Irene,155290.5
Bradley,154851.0
Eleanor,154726.0
Anne,154483.0
Phillip,153244.5
Travis,152768.5
Tracy,152314.5
Martin,151399.0
Carlos,150701.5
Audrey,149049.0
Fred,148924.0
Mia,148612.5
Ella,148245.0
Craig,148166.0
Francis,146730.5
Dale,145958.0
Stanley,145606.0
Theodore,145569.5
Cody,145478.5
Peggy,144287.5
Luis,143934.0
Annie,143874.0
Tina,143554.0
Dawn,142954.5
Josephine,142852.5
Jimmy,142792.0
Jackson,142696.0
Louise,142524.5
Alex,142190.0
Danny,141871.5
Evan,141249.0
Leonard,140550.0
Nathaniel,140128.5
Todd,139696.0
Rita,138847.5
Ernest,138327.5
Wanda,138109.0
Paula,137924.0
Joel,137630.0
Adrian,137413.5
Courtney,137071.5
Lee,136588.5
Jayden,134747.5
Norma,134497.0
Hunter,134148.5
Valerie,133985.5
Clarence,133085.5
Connie,133007.0
Earl,132092.0
Allen,131615.5
Brianna,131291.5
Morgan,130278.5
Wendy,129961.0
Vanessa,129789.5
Marjorie,129759.0
Melanie,129349.5
Antonio,128551.5
Jasmine,128151.0
Curtis,127528.5
Amelia,127429.5
Cindy,127274.5
Julian,126554.5
Aiden,126432.0
Ellen,125848.0
Ian,125817.5
Frederick,125182.5
Florence,124765.0
Monica,123741.0
Tony,123671.0
Marvin,123662.5
Hazel,123206.0
Leah,122827.5
Isaiah,122436.0
Norman,121934.0
Rodney,121893.0
Chloe,121714.0
Alexandra,120793.5
Glenn,120595.5
Jesus,120225.0
April,120081.5
Dana,119275.5
Chad,119138.5
Melvin,118632.5
Wesley,118516.0
Leo,118444.5
Marcus,118241.0
Derek,118215.5
Eva,117917.0
Sheila,117705.5
Steve,117546.5
Riley,117389.0
Edwin,117213.5
Caroline,116609.0
Jessie,116213.5
Owen,116122.0
Connor,115931.5
Sylvia,115873.5
Erica,114770.0
Jeffery,114064.0
Esther,113919.0
Marion,113666.5
Sherry,113543.5
Alicia,113494.0
Edna,113296.5
Lynn,112926.5
Alfred,111982.5
Avery,111920.5
Katie,111793.0
Carrie,111595.0
Michele,110913.0
Ricky,110528.0
Gladys,108921.5
Jeremiah,108907.5
Edith,108760.0
Kristen,108546.0
Veronica,108212.0
Suzanne,107773.5
Vivian,107731.0
Troy,106575.0
Eddie,106506.5
Calvin,106435.0
Kim,104469.5
Joanne,104182.0
Herbert,104112.0
Anita,104050.5
Dolores,103395.5
Dustin,103290.5
Lucille,103239.5
Sebastian,103170.0
Rhonda,102834.5
Jill,102696.5
Geraldine,102324.0
Lorraine,102032.5
Gail,101942.0
Carter,101735.5
Jared,101681.5
Holly,101250.0
Claire,101138.5
Thelma,100961.5
Darlene,100531.0
Pauline,100223.5
Levi,99806.5
Blake,99579.0
Lucy,99432.0
Mike,99409.5
Juanita,99330.0
June,99288.0
Wyatt,99119.5
Brooke,98047.0
Sally,97917.0
Ethel,97641.5
Randall,97436.0
Madeline,97035.0
Ray,96373.5
Oscar,96119.0
Shane,95976.5
Jay,94997.5
Charlie,94941.0
Bernard,94770.0
Corey,94591.5
Leroy,94519.5
Casey,93920.5
Dean,93574.5
Dominic,93398.0
Savannah,93176.0
Miguel,93038.0
Gavin,92798.0
Debbie,92457.5
Manuel,91899.5
Ronnie,91795.0
Eileen,91581.5
Renee,91346.5
Landon,90590.5
Chase,89832.5
Stacy,89632.5
Hailey,88986.0
Barry,88826.0
Kristin,88655.5
Clifford,88644.0
Sydney,88553.0
Sofia,87893.0
Warren,87887.5
Lily,87853.5
Regina,87824.0
Jo,87785.5
Tommy,87452.0
Tara,86705.5
Leon,85536.5
Molly,85018.0
Devin,84568.5
Cassandra,84068.0
Lydia,83276.5
Kaitlyn,82780.5
Jon,82773.0
Bernice,82689.0
Beatrice,82501.0
Loretta,81955.0
Annette,81512.5
Laurie,81482.5
Don,81025.5
Jackie,80878.5
Chris,80781.5
Nora,80758.5
Seth,80625.0
Chelsea,80485.5
Mitchell,79861.5
Max,79662.0
Colleen,79637.5
Trevor,79480.0
Lindsey,79380.0
Brett,79024.0
Haley,78733.5
Shelby,78680.5
Darrell,78186.0
Stacey,77948.0
Jerome,77885.0
Jeanette,77705.0
Beth,77494.5
Aubrey,77357.5
Erik,77349.0
Xavier,77334.5
Bill,77164.0
Addison,76766.5
Joann,76586.0
Alvin,76298.5
Zoe,76288.0
Parker,76014.5
Micheal,75634.5
Yvonne,75582.0
Carmen,75299.5
Kelsey,75189.0
Lloyd,75142.5
Rosa,75030.0
Destiny,74926.5
Gina,74908.0
Cole,74756.0
Gordon,74216.5
Mario,73839.0
Colton,73657.0
Carla,73368.5
Jenna,73019.0
Mackenzie,72307.5
Georgia,72207.5
Edgar,72171.5
Eli,72014.5
Paige,71858.5
Terri,71729.0
Derrick,71547.0
Alejandro,71452.0
Ricardo,71422.5
Ivan,71378.0
Elsie,71313.0
Faith,71095.5
Autumn,70755.5
Jim,70373.5
Josiah,70242.0
Sabrina,70021.5
Hayden,69953.5
Maureen,69931.5
Lewis,69844.0
Floyd,69688.5
Vernon,69655.5
Kaylee,69165.0
Arlene,69058.5
Sue,68799.5
Marc,68788.5
Francisco,68672.0
Bertha,68524.5
Brent,68410.0
Joy,68390.0
Johnnie,68236.5
Jorge,68120.5
Gabrielle,67721.5
Harper,67664.5
Peyton,67525.0
Franklin,67226.5
Brayden,67162.0
Kristina,67158.5
Clayton,66750.0
Constance,66638.0
Gabriella,66521.0
Katelyn,66480.5
Deanna,66002.5
Daisy,65874.5
Wilma,65835.5
Garrett,65594.5
Carson,65525.0
Clyde,65474.5
Marian,65145.0
Dakota,65030.5
Alma,64898.0
Grant,64875.0
Maurice,64756.0
Lindsay,64690.0
Colin,64570.0
Alexa,64479.5
Cory,64338.0
Tamara,64302.5
Andre,63545.0
Marlene,63254.5
Bailey,63139.5
Nolan,62973.5
Tom,62839.0
Gene,62754.5
Jimmie,62708.0
Tristan,62686.0
Billie,62662.0
Micah,62540.5
Ida,62525.5
Erika,61600.5
Sophie,61479.5
Grayson,61438.0
Everett,61377.5
Brooklyn,61222.5
Jake,61065.5
Layla,60968.5
Claudia,60938.0
Patsy,60927.5
Gilbert,60918.0
Diego,60802.5
Isabel,60759.0
Spencer,60740.0
Bryce,60397.0
Nina,60084.0
Glen,59697.0
Kylie,59662.5
Herman,59646.5
Angelina,59389.0
Lester,59282.0
Marissa,59270.5
Maya,59070.5
Tonya,58930.5
Aidan,58754.0
Preston,58457.0
Ariana,58375.0
Priscilla,58292.0
Lillie,57808.0
Cooper,57563.0
Jaime,57397.0
Harvey,56923.5
Tanya,56904.0
Alison,56857.0
Mariah,55687.5
Zoey,55532.5
Duane,55520.0
Miles,55320.0
Caitlin,55226.0
Ruben,55223.5
Jaxon,54893.5
Elmer,54607.5
Roberto,54515.5
Yolanda,54424.0
Jocelyn,54271.0
Miriam,54087.0
Milton,54028.0
Madelyn,53925.5
Chester,53895.5
Carole,53723.0
Vickie,53690.0
Eduardo,53503.5
Sam,53412.0
Aaliyah,53319.5
Reginald,53298.5
Ana,53292.5
Makayla,53277.5
Joanna,53013.0
Brandy,52458.5
Pearl,52325.5
Javier,52320.0
Hector,52108.5
Damian,51977.5
Hudson,51803.5
Bessie,51493.0
Maxwell,51083.5
Ashton,51022.5
Darren,51014.0
Asher,50989.0
Jade,50743.5
Alexandria,50591.0
Omar,50584.5
Skylar,50310.0
Cecilia,50249.5
Brandi,49992.0
Cecil,49838.0
Kara,49683.5
Bobbie,49498.5
Fernando,49472.5
Sierra,49333.0
Dan,49207.5
Katrina,49174.0
Elena,49097.5
Whitney,48879.0
Arnold,48584.0
Toni,48359.0
Isabelle,48324.0
Tanner,48260.5
Nevaeh,48227.5
Ezra,48015.5
Kendra,47978.5
Christy,47898.5
Natasha,47597.5
Johnathan,47567.5
Lincoln,47522.5
Kay,47474.5
Abraham,47440.0
Karl,47437.0
Briana,47431.0
Ellie,47411.5
Maggie,47372.0
Meghan,47323.0
Ariel,47206.0
Kennedy,47018.0
Roman,46852.5
Sidney,46839.0
Santiago,46805.0
Kendall,46629.5
Adriana,46544.5
Iris,46346.0
Mattie,46272.0
Brady,46046.5
Kerry,46018.0
Jaden,45942.5
Andres,45924.0
Hope,45745.0
Genesis,45324.0
Lonnie,45093.0
Marshall,45058.5
Angelica,45021.0
Tracey,45010.0
Minnie,44669.0
Leonardo,44624.0
Harrison,44605.0
Pedro,44493.0
Brendan,44475.5
Darryl,44431.0
Ayden,44213.5
Andy,44175.0
Karla,44126.5
Aria,43971.0
Aurora,43945.5
Summer,43903.0
Bridget,43744.5
Jenny,43552.5
Felicia,43470.0
Jace,43219.5
Devon,43196.5
Emmanuel,42814.0
Guadalupe,42694.5
Rafael,42269.5
Giovanni,42233.0
Raul,42192.0
Kaleb,42141.0
Trinity,41752.0
Gabriela,41648.5
Misty,41125.5
Shelly,40982.5
Candace,40961.0
Jillian,40718.5
Jody,40507.5
Breanna,40455.5
Dalton,40398.0
Drew,40393.5
Quinn,40372.5
Mae,40317.5
Brittney,40295.5
Payton,40281.0
Natalia,40065.5
Angelo,39883.5
Jonah,39648.0
Sergio,39393.5
Brody,39330.5
Bryson,39294.0
Sawyer,38942.0
Geneva,38887.0
Collin,38779.0
Dora,38709.0
Rachael,38682.5
Jodi,38589.5
Kayden,38527.5
Claude,38271.0
Gracie,38146.5
Freddie,38103.5
Dallas,38084.5
Tyrone,38065.5
Monique,37933.5
Cesar,37916.0
Erick,37714.5
Ross,37563.0
Easton,37537.5
Velma,37411.5
Bianca,37210.0
Felix,37113.5
Serenity,36943.5
Meredith,36922.5
Valeria,36563.0
Kelli,36446.5
Armando,36330.5
Marco,36252.5
Krystal,36193.0
Hugh,35972.5
Ivy,35948.0
Sandy,35776.5
Ben,35701.0
Ramon,35533.5
Rosie,35384.5
Liliana,35177.0
Kai,35108.0
Shelley,34997.0
Rylee,34880.0
Caden,34863.5
Camille,34859.0
Jan,34698.5
Willard,34664.5
Cheyenne,34540.5
Perry,34515.5
Dominique,34429.5
Shaun,34288.5
Cristian,34244.5
Terrence,34133.0
Kaden,33994.0
Luca,33991.0
Elise,33932.0
Reagan,33929.5
Frankie,33492.0
Eliana,33275.5
Eunice,33219.5
Weston,33166.5
Terrance,33124.0
Israel,33042.0
Skyler,32881.5
Daniela,32790.5
Ramona,32741.0
Candice,32524.5
Jada,32403.5
Carly,32371.0
Jordyn,32236.0
Hilda,32203.0
Janie,32176.0
Damon,32105.0
Ryder,31927.5
Rowan,31737.0
Mckenzie,31688.0
Adrienne,31682.5
Rene,31639.5
Virgil,31634.0
Maverick,31546.0
Dillon,31473.5
Alana,31437.0
Dominick,31407.0
Irma,31316.0
Morris,31222.5
Jonathon,31199.0
Harley,31192.5
Damien,30962.5
Josie,30923.5
Juliana,30846.5
Sonia,30828.0
Bennett,30756.0
Braxton,30709.0
Daryl,30527.5
Elliott,30513.0
Kristopher,30425.5
Donnie,30318.5
Malachi,30264.5
Pat,30166.0
Gayle,30140.5
Opal,30105.0
Robyn,30095.5
Cassidy,30007.0
Julio,29956.5
Gage,29718.5
Yvette,29706.5
Patty,29682.5
Callie,29537.0
Alberto,29443.0
Lynne,29365.5
Rickey,29274.5
Karina,29245.5
Beau,29244.0
Piper,29182.0
Abby,29134.0
Alberta,29061.0
Bentley,29010.0
August,29007.5
Camden,28948.5
Willow,28901.0
Lilly,28839.0
Enrique,28742.0
Elliot,28680.0
Verna,28574.5
Jameson,28518.0
Emerson,28492.5
Kari,28358.5
Reese,28318.5
Greyson,28290.5
Mallory,28216.0
Myles,28149.0
Kaitlin,27972.0
Trenton,27895.0
Noel,27803.5
Eden,27779.0
Josue,27566.5
Declan,27475.5
Conner,27456.5
Alisha,27355.0
Fannie,27264.5
Kiara,27245.5
Selena,27204.0
Luther,27015.0
Salvatore,26869.0
Bennie,26701.0
Arturo,26700.0
Joey,26667.5
Jasper,26525.5
Inez,26503.0
Lula,26468.5
Alfredo,26437.5
Colby,26270.0
Tessa,26267.5
Lyle,26265.0
Janelle,26240.0
River,26218.5
Otis,26092.0
Chance,26025.0
Emery,25948.5
Gerardo,25946.0
Alejandra,25923.5
Lacey,25674.0
Caitlyn,25596.0
Zane,25566.0
Kaiden,25484.0
Tucker,25408.0
Amir,25346.0
Earnest,25247.5
Darius,25229.0
Alec,25182.0
Marcos,25156.0
Lucia,25117.0
Kirsten,25091.5
Jude,25088.0
Vicky,25076.5
Michaela,25066.0
Olga,24930.0
Laverne,24894.0
Loren,24874.0
London,24847.5
Homer,24745.0
Zion,24535.5
Hayley,24492.5
Cara,24435.5
Emanuel,24435.0
Cristina,24432.5
Nova,24393.0
Esmeralda,24283.0
Kylee,24239.5
Amari,24200.0
Kelvin,24135.0
Dawson,23911.5
Brooks,23882.5
Muriel,23788.5
Giselle,23702.5
Kenny,23702.0
Malik,23616.5
Raquel,23596.5
Aliyah,23452.5
Ira,23449.0
Griffin,23364.5
Waylon,23300.0
Ellis,23280.5
Grady,23221.0
Ashlyn,23196.0
Kinsley,23164.5
Pablo,23162.0
Jaclyn,23149.0
Rudolph,23112.0
Forrest,22883.0
Kelley,22872.5
Maddox,22845.5
Salvador,22759.5
Johanna,22534.5
Archie,22320.0
Jayla,22281.5
Gael,22254.0
Ty,22252.5
Rudy,22036.0
Latoya,21987.5
Carlton,21863.0
Allie,21829.0
Clark,21805.5
Braden,21775.5
Willis,21728.0
Alexia,21671.0
Raven,21663.5
Makenzie,21658.5
Nadia,21586.5
Tommie,21450.0
Delaney,21447.0
Hadley,21443.5
Jasmin,21440.5
Rochelle,21436.5
Benny,21426.5
Lane,21296.5
Jaylen,21279.5
Mckenna,21226.0
Christie,21179.5
Jazmin,21174.5
Elisa,21161.5
Carolina,21085.5
Jayce,21035.0
Laurel,20913.5
Ashlee,20886.0
Mariana,20772.5
Ernesto,20540.5
Lukas,20510.0
Elisabeth,20431.0
Chandler,20411.0
Alondra,20339.5
Mercedes,20299.0
Cayden,20211.0
Jermaine,20184.5
Rory,20077.0
Cassie,20039.0
Fabian,19939.0
Kasey,19882.5
Jalen,19866.0
Madeleine,19812.5
Sage,19763.0
Leticia,19597.0
Walker,19490.0
Jaiden,19452.0
Kameron,19429.0
Dixie,19381.5
Sammy,19367.0
Leigh,19173.0
Xander,19158.0
Ryker,19089.0
Ali,19075.0
Saul,18970.5
Keegan,18930.5
Junior,18915.0
Corbin,18891.0
Kyler,18812.0
Hanna,18791.5
Ollie,18786.5
Yesenia,18781.5
Finley,18686.0
Rylan,18685.0
Gustavo,18679.0
Mandy,18499.5
Ebony,18498.0
Jazmine,18277.0
Nikki,18209.0
Irving,18194.5
Brooklynn,18175.5
Sasha,18133.5
Jewel,18056.5
Sylvester,18023.0
Phoenix,17981.5
Alissa,17915.0
Robbie,17910.0
Desmond,17879.5
Milo,17869.5
Lorena,17847.5
Paris,17802.5
Toby,17758.0
Margarita,17722.5
Fatima,17708.5
Merle,17665.0
Tatum,17577.5
Eula,17560.5
Justice,17369.0
Reid,17367.0
Winifred,17314.5
Tori,17006.5
Demetrius,16943.5
Marley,16805.5
Britney,16785.0
Justine,16732.5
Carroll,16642.5
Gregg,16566.5
Kayleigh,16467.0
Ciara,16445.0
Roosevelt,16377.5
Laurence,16363.0
Tatiana,16327.0
Terrell,16313.5
Marisol,16264.0
Millie,16255.0
Esteban,16152.0
Camryn,16141.5
Diamond,16135.5
Finn,16121.5
Cleo,16118.5
Hugo,15964.5
Sterling,15938.0
Ronda,15886.5
Judah,15837.5
Cade,15835.5
Lesley,15720.5
Savanna,15618.5
Mayra,15596.5
Patrice,15537.0
Dexter,15514.5
Teagan,15479.5
Brennan,15465.0
Presley,15440.5
Tia,15416.0
Jamal,15388.5
Karter,15311.5
Francesca,15309.5
Rodolfo,15253.5
Kassandra,15218.0
Hallie,15158.0
Cruz,15144.5
Asia,15105.5
Ashleigh,14946.5
Marty,14921.0
Lamar,14886.5
Kendrick,14859.0
Darin,14834.5
Holden,14817.5
Macy,14799.5
Reed,14751.5
Kali,14746.0
Cornelius,14721.0
Remington,14695.5
Keri,14642.5
Brantley,14637.0
Guillermo,14390.5
Orville,14349.5
Latasha,14310.5
Shayla,14281.5
Antonia,14216.5
Haylee,14214.0
Moises,14178.0
Anderson,14157.5
Adriel,14149.0
Fern,14135.0
Theo,14110.0
Arielle,14095.5
Heaven,14047.5
Teddy,14023.0
Blair,14008.5
Felipe,14008.0
Arya,14004.5
Essie,13963.0
Catalina,13928.0
Lou,13766.0
Quinton,13722.5
Deandre,13680.5
Blaine,13591.5
Addie,13587.0
Zander,13584.0
Ora,13573.0
Barrett,13518.5
Tiana,13494.5
Kamryn,13491.5
Royce,13450.0
Dewey,13407.0
Davis,13186.5
Beckett,13151.5
Will,13144.5
Gale,13100.5
Clare,13073.5
Hillary,13025.5
Imani,12998.0
Cierra,12963.0
Archer,12948.0
Paxton,12917.0
Randi,12905.0
Delia,12892.0
Fay,12859.5
Gilberto,12843.0
Londyn,12799.0
Kailey,12795.5
Darnell,12710.0
Quincy,12704.5
Randal,12652.0
Joni,12649.0
Landen,12613.0
Mickey,12569.0
Tania,12558.5
Luz,12497.5
Messiah,12322.5
Amara,12213.0
Jodie,12203.5
Louie,12176.5
Goldie,12174.5
Kiana,12154.0
Jewell,12114.0
Antoine,12066.0
Kenya,11965.5
Luka,11963.5
Armani,11833.5
Rocky,11825.0
Aspen,11632.0
Wilfred,11625.5
Simone,11615.0
Jax,11600.0
Legend,11598.0
Stevie,11560.0
Van,11545.0
Percy,11531.5
Tate,11494.0
Ari,11488.5
Jett,11454.5
Johnathon,11439.0
Rogelio,11427.0
Taryn,11389.0
Stephan,11343.5
Ingrid,11300.5
Blanca,11300.0
Paola,11216.0
Elva,11187.5
Lyric,11164.0
Dorian,11159.0
Maribel,11034.5
Kris,11014.5
Cary,11014.0
Tristen,11013.0
Kristian,10992.5
Caiden,10965.0
Sammie,10943.0
Skye,10936.0
Marquis,10927.5
Cadence,10863.0
Remi,10815.0
Rylie,10808.0
Tiara,10781.5
Lupe,10767.5
Emilee,10749.0
Charley,10732.0
Kody,10726.0
Carey,10720.5
Ace,10650.0
Haven,10642.0
Emory,10606.0
Milan,10600.5
Elisha,10588.0
Hilary,10572.5
Kobe,10559.5
Tamika,10546.0
Knox,10444.0
Maritza,10443.5
Cali,10406.5
Noe,10387.0
Atlas,10379.0
Sloane,10369.0
Reece,10352.0
Audra,10316.5
Oakley,10289.0
Cohen,10169.5
Keaton,10117.5
Baylee,10116.0
Latonya,10099.0
Lauryn,10003.5
India,9976.5
Harlan,9947.0
Lacy,9918.5
Karson,9911.0
Aden,9854.0
Ola,9824.0
Journey,9738.5
Emersyn,9695.0
Kenzie,9679.0
Emilie,9677.5
Johnie,9676.0
Darcy,9659.5
Itzel,9608.0
Miracle,9514.5
Orion,9449.5
Arlo,9413.5
Jami,9395.0
Darian,9355.5
Prince,9330.0
Perla,9320.0
Ember,9299.5
Uriel,9263.0
Nehemiah,9198.0
Grover,9174.0
Kyrie,9138.5
Juniper,9115.5
Ainsley,9105.0
Mavis,9075.5
Blakely,9028.0
Jamison,9007.0
Araceli,8930.0
Loyd,8930.0
Marcy,8915.5
Monte,8880.5
Octavia,8830.0
Susana,8796.0
Esperanza,8791.5
Nico,8785.5
Shiloh,8683.5
Beckham,8677.5
Tanisha,8674.5
Santos,8619.5
Kaylin,8578.5
Selma,8562.0
Kaydence,8469.5
Kiley,8423.0
Cortney,8260.0
Monroe,8241.0
Silvia,8235.5
Latisha,8231.5
Jaylin,8221.0
Denver,8146.5
Jess,8132.5
Lennox,8131.0
Marlin,8107.5
Precious,8085.5
Chanel,8037.5
Royal,8015.5
Denis,7933.5
Remy,7932.0
Kareem,7896.5
Mckinley,7854.5
Porter,7846.5
Javon,7819.0
Lennon,7781.5
Elton,7777.0
Sonny,7771.5
Elwood,7768.5
Hayes,7746.0
Beatriz,7721.0
Pierce,7719.5
Jensen,7711.5
Rae,7666.0
Scotty,7602.5
Gianni,7600.5
Kamari,7564.0
Dion,7538.5
Janae,7530.5
Dee,7524.0
Gunnar,7502.0
Leighton,7492.0
Unknown,7478.5
Vaughn,7468.0
Marcel,7461.5
Sutton,7455.0
Gay,7419.0
Kaitlynn,7380.5
Kellen,7354.0
Marlee,7278.5
Hailee,7270.5
Elma,7235.5
Zuri,7234.5
Virgie,7200.5
Rusty,7167.0
Juana,7164.5
Kieran,7136.5
Shea,7131.0
Pearlie,7110.5
Hollie,7109.5
Devan,7103.0
Asa,7093.5
Ivory,7079.5
Deshawn,7040.5
Sharron,7039.5
Consuelo,6999.5
Gerry,6954.0
Regan,6899.5
Jamari,6824.5
Abbie,6819.0
Odell,6802.0
Graciela,6786.5
Rickie,6736.5
Carina,6679.0
Lawson,6669.5
Elvis,6666.0
Tierra,6523.0
Harlow,6503.5
Marta,6476.5
Lexie,6456.0
Jaelyn,6446.5
Kayson,6445.5
Cristal,6435.5
Lesly,6423.5
Amani,6398.5
Jadyn,6377.0
Alijah,6336.0
Sullivan,6331.0
Haleigh,6282.0
Layne,6271.5
Camron,6258.5
Rhea,6207.0
Winter,6199.5
Joelle,6193.0
Martina,6190.0
Augustine,6154.5
Avis,6150.5
Deon,6135.0
Lourdes,6110.0
Carlie,6089.5
Princess,6074.0
Bodhi,6044.5
Coy,6036.0
Loraine,6030.5
Braylen,6015.0
Braeden,6012.5
Meaghan,6004.0
Hendrix,5996.5
Saylor,5989.0
Hollis,5984.5
Ernie,5926.5
Wren,5907.5
Rosario,5892.0
Elian,5888.0
Niko,5851.0
Devyn,5849.5
Wiley,5845.5
Averie,5844.0
Al,5819.0
Kourtney,5788.0
Rocio,5773.5
Jordon,5741.0
Carmine,5735.5
Rhys,5724.5
Lakeisha,5721.5
Jayleen,5709.5
Davion,5703.0
Tyree,5702.0
Bo,5698.0
Kori,5674.5
Benito,5666.5
Jayme,5646.5
Kory,5640.0
Davon,5632.5
Alden,5620.5
Yahir,5598.5
Domingo,5558.0
Maricela,5557.0
Stetson,5533.5
Yadira,5523.5
Kamden,5522.5
Kadence,5498.0
Trace,5497.5
Mina,5496.5
Landyn,5495.0
Omari,5493.0
Josefina,5472.5
Donnell,5463.0
Palmer,5450.0
Raiden,5426.5
Ester,5412.0
Wilmer,5410.0
Galen,5357.0
Kirby,5332.5
Brice,5329.5
Denny,5314.0
Ashanti,5312.0
Ronny,5304.0
Chaim,5289.5
Scottie,5282.0
Lavern,5266.0
Dayton,5222.0
Ryland,5214.0
Forest,5212.5
Noa,5189.5
Merlin,5187.5
Brittani,5180.5
Tayler,5130.5
Lizette,5124.0
Azariah,5032.0
Braelyn,5019.0
Kaye,4987.0
Memphis,4977.5
Bowen,4968.0
Beverley,4966.5
Alva,4945.5
Saige,4939.5
Damaris,4930.0
Kacey,4923.0
Sunny,4901.0
Brylee,4883.5
Belen,4871.5
Triston,4870.5
Bristol,4860.0
Hassan,4850.0
Petra,4846.5
Ashly,4839.5
Dara,4834.0
Francisca,4758.5
Karsyn,4753.5
Mariela,4732.0
Lessie,4724.0
Clair,4719.5
Oaklynn,4696.0
Jaycee,4693.5
Collins,4686.5
Nikita,4683.0
Kenna,4682.0
Rigoberto,4635.5
Kolby,4623.0
Baylor,4621.5
Reign,4620.0
Dusty,4610.5
Santana,4549.0
Briar,4545.0
Kalani,4540.5
Tristin,4513.0
Jamel,4511.5
Christen,4496.0
Kairo,4488.0
Fallon,4474.0
Sincere,4465.5
Baby,4461.0
Ryann,4401.5
Angelita,4356.0
Jaylon,4352.5
Kellan,4341.5
Sky,4333.0
Christin,4325.0
Uriah,4306.5
Darien,4299.5
Kylan,4283.0
Valencia,4279.5
Cori,4278.0
Boston,4275.0
Campbell,4275.0
Ronin,4258.0
Marisela,4236.5
Korey,4231.0
Arden,4197.5
Sade,4186.0
Marquita,4163.5
Brodie,4155.5
Deven,4117.5
Landry,4110.0
Nakia,4109.5
Kaya,4098.0
Kenia,4096.5
Montana,4090.5
Merrill,4081.0
Brook,4078.0
Layton,4077.5
Soren,4076.0
Zaire,4067.5
Jovan,4067.0
Dominik,4049.5
Manuela,4044.5
Callan,3996.5
Jasiah,3946.5
Kimber,3919.5
Hester,3897.5
Infant,3877.0
Zain,3866.5
Lizeth,3823.0
Cairo,3822.0
Callen,3813.5
Kendal,3810.0
Reggie,3806.0
Rowen,3791.5
Gussie,3788.5
Jaylynn,3770.0
Shayne,3769.5
Kensley,3756.0
Chaz,3738.0
Bertie,3723.5
Griselda,3717.5
Rayan,3698.0
Dionne,3685.0
Fabiola,3674.5
Vada,3665.5
Mervin,3652.5
Basil,3651.5
Miller,3648.5
Tyrese,3616.5
Sol,3603.5
Rey,3590.5
Jaimie,3590.0
Lashawn,3588.0
Georgie,3568.5
Michel,3547.0
Keagan,3542.0
Trinidad,3523.0
Mercy,3522.5
Dashawn,3521.0
Amaris,3512.0
Zyaire,3511.5
Salem,3481.0
Robbin,3434.5
Shellie,3424.5
Mikel,3356.0
Madden,3351.0
Aryan,3348.5
Brennen,3341.0
Jaidyn,3326.5
Semaj,3324.5
Yael,3315.0
Murphy,3313.5
Winfred,3307.0
Sloan,3303.5
Keanu,3301.5
Kyree,3279.0
Karol,3274.0
Akira,3266.5
Dariel,3225.0
Elmo,3224.0
Noor,3215.5
Asha,3214.0
Royalty,3212.0
Earle,3189.0
Jagger,3178.0
Berenice,3173.5
Dani,3170.0
Coby,3165.5
Jayde,3164.0
Adrien,3153.5
Dimitri,3149.0
Whitley,3146.0
Wilder,3142.0
Shay,3136.5
Kohen,3132.0
Reilly,3102.0
Dream,3101.0
Dessie,3100.5
Lucca,3090.5
Legacy,3085.5
Portia,3076.5
Austyn,3074.5
Ares,3065.5
Beryl,3045.0
Tristian,3037.0
Lucero,3006.5
Henley,3004.5
Tylor,3001.5
Everette,2998.0
Elia,2995.5
Harlee,2992.5
Blaze,2984.5
Kenley,2983.5
Channing,2971.5
Vernell,2968.5
Raylan,2956.5
Austen,2951.0
Dannie,2946.0
Delphine,2944.5
Socorro,2930.5
Yessenia,2926.0
Koa,2905.5
Nixon,2901.0
Unique,2896.5
Jules,2880.0
Rayne,2874.0
Justus,2869.5
Odis,2859.0
Germaine,2829.5
Augusta,2827.0
Holland,2824.0
Jovani,2814.0
Finnley,2809.5
Dorris,2801.5
Onyx,2793.0
Kingsley,2784.5
Celestine,2779.5
Kia,2759.0
Briley,2756.0
Jacey,2734.0
Jorden,2734.0
Blaise,2697.5
Kaycee,2693.5
Jacques,2679.0
Kaylen,2677.0
Karon,2676.0
Turner,2676.0
Dior,2672.0
Giovanny,2646.5
Kamron,2620.0
Baker,2618.0
Marlo,2609.0
Kalyn,2605.0
Carrol,2596.5
Tegan,2561.5
Laken,2556.0
Amare,2552.5
Adley,2545.5
Raleigh,2545.0
Delma,2514.0
Dillan,2509.5
Darion,2508.0
Areli,2505.5
Darby,2490.5
Kyndall,2487.5
Tory,2487.5
Emani,2486.5
Lexus,2477.5
Ashtyn,2475.5
Kaysen,2468.0
Camren,2465.5
Sherrill,2447.5
Alesha,2447.0
Koda,2446.0
Shaquille,2445.5
Kairi,2439.5
Ocean,2431.5
Arian,2429.0
Jamey,2428.0
Emile,2425.5
Saint,2421.5
Rayden,2420.0
Makena,2400.5
Lyndon,2377.5
Davian,2355.5
Bellamy,2351.5
Ami,2348.0
Aydan,2342.5
Karim,2341.0
Jordy,2340.5
Zora,2335.0
Langston,2334.0
Oaklee,2314.0
Jael,2311.5
Lenny,2303.5
Karma,2302.5
Reyes,2296.5
Bryn,2285.0
Maira,2281.5
Bernie,2277.5
Lindy,2276.5
Kenyatta,2269.0
Navy,2257.0
Marlyn,2254.5
Jaylyn,2250.0
Keshawn,2249.0
Lyn,2246.0
Chiquita,2241.5
Ellison,2234.0
Noble,2230.0
Rashawn,2226.0
Domonique,2224.0
Andi,2212.0
Promise,2208.0
Flynn,2201.5
Michell,2190.0
Wells,2181.0
Concepcion,2167.0
Sevyn,2160.0
Abigayle,2147.0
Nicky,2147.0
Stormy,2145.0
Banks,2142.5
Avi,2121.5
Corrie,2121.5
Cletus,2120.0
Damari,2110.5
Jenesis,2103.5
Ardis,2102.0
Garnet,2090.5
Otha,2089.0
Berkley,2086.5
Eliot,2080.5
Lavon,2078.0
Oaklyn,2075.5
Lue,2051.5
Khari,2048.5
Rio,2047.5
Alize,2042.0
Crosby,2040.0
Jessi,2032.5
Coty,2021.0
Jalyn,2019.5
Jaeden,2011.0
Rikki,2005.5
Artie,2001.5
Jacky,1999.0
Rian,1991.0
Vickey,1991.0
Camdyn,1990.5
Maxie,1981.0
Marlen,1975.5
Keyon,1969.5
Chantelle,1969.0
Scout,1937.0
Destin,1925.0
Marin,1904.5
Dominque,1903.0
Brecken,1898.5
Ever,1884.5
Grey,1867.0
Huxley,1854.0
Vernice,1853.0
Jaylan,1852.0
Carmel,1846.0
Mika,1841.0
Tamar,1836.0
Iman,1835.5
Canaan,1827.5
Bentlee,1819.0
Jailyn,1814.5
Jordin,1812.0
Tru,1793.5
Richie,1787.0
Azul,1786.5
Waverly,1783.0
Deshaun,1782.0
Alpha,1779.0
Aries,1761.0
Refugio,1750.5
Carsyn,1749.0
Egypt,1749.0
Jonnie,1731.5
Kamdyn,1731.0
Linnie,1728.0
Claudio,1726.5
Brixton,1723.5
Taj,1722.0
Adell,1701.5
Mai,1697.0
Kymani,1694.5
Halo,1689.0
Lorenza,1686.0
Roma,1686.0
Mayson,1685.5
Valentine,1685.0
Claudie,1680.0
Callahan,1675.5
Arlie,1664.5
Pilar,1664.0
Nicola,1659.0
Sami,1656.0
Adriane,1651.5
Ryley,1650.5
Lian,1640.0
Nichelle,1639.0
Ardith,1630.5
Estefani,1625.0
Ramsey,1624.5
Kortney,1618.0
Meyer,1607.0
Harlem,1600.5
Ines,1590.5
Cielo,1588.5
Arlen,1586.5
Kyndal,1581.0
Indie,1577.0
Shae,1573.5
Ivey,1572.0
Marlowe,1567.0
Ayan,1549.0
Floy,1543.5
Amiri,1538.0
Zyon,1526.5
Jalynn,1523.0
Jesiah,1514.5
Ocie,1512.5
Kylen,1511.5
Haiden,1501.0
Jai,1497.0
Andie,1494.0
Rome,1493.5
Shanon,1491.0
Graysen,1487.5
Britton,1486.0
Aidyn,1485.0
Amar,1485.0
Jelani,1483.5
Kayce,1477.0
Bonny,1471.0
Fran,1470.5
Maison,1469.0
Andra,1464.0
Shannan,1461.5
Desire,1441.0
Gatlin,1436.5
Brentley,1433.0
Ellery,1431.0
Sheridan,1424.5
Garnett,1419.0
Yuri,1416.0
Dominga,1404.0
Merrick,1403.0
Deandra,1402.5
Leone,1400.0
Verne,1389.0
Blessing,1382.5
Torrey,1381.0
Val,1378.0
Kamren,1371.0
Merritt,1368.5
Britt,1360.5
Novah,1358.5
Artis,1353.5
Alexi,1342.5
Tiera,1336.5
Kentrell,1325.5
Trystan,1325.0
Lovie,1320.5
Kodi,1315.0
Tremaine,1311.0
Jersey,1308.0
Brandyn,1305.5
Jessy,1298.0
Glynn,1297.5
Kaylan,1296.5
Johann,1294.5
Afton,1291.0
Tavon,1282.0
Ona,1281.0
Nereida,1278.0
Alexys,1277.5
Braylin,1270.0
Jammie,1253.5
Michal,1243.5
Kacy,1237.0
Ozzy,1233.0
Alvis,1230.5
Meryl,1223.0
Shavon,1223.0
Harlie,1220.0
Isa,1219.5
Indigo,1213.5
Bexley,1210.0
Monet,1210.0
Anibal,1204.0
Brogan,1201.5
Maddux,1200.5
Marvel,1200.5
Carsen,1199.5
Dickie,1195.0
Gentry,1195.0
Jacque,1194.5
Seven,1189.5
Loyal,1186.5
Aarya,1186.0
Daylen,1185.0
Nikia,1181.0
Storm,1180.0
Osiris,1173.0
Kadyn,1167.0
Kooper,1167.0
Love,1163.5
Azriel,1156.5
Jaedyn,1156.0
Kaidence,1153.0
Jaleesa,1148.0
Taytum,1143.0
Karsen,1141.5
Estell,1139.0
Ricki,1135.0
Carin,1125.0
Jaydin,1121.5
Audie,1121.0
Gaynell,1101.0
Salome,1090.0
Kalen,1089.5
Karan,1085.5
Larue,1084.5
Rayyan,1083.5
Brighton,1074.0
Adler,1073.5
Rayshawn,1073.5
Korbyn,1070.0
Kiran,1068.0
Natividad,1063.5
Sailor,1047.5
Levon,1045.5
Dorsey,1044.5
Bobbye,1043.5
Billye,1038.0
Rylen,1033.5
Lorin,1031.5
Latrell,1029.5
Roni,1029.5
Angeles,1018.0
Syncere,1017.5
Tye,1012.0
Kayle,1009.0
True,1007.0
Delano,1006.5
Adison,1003.5
Kendell,998.5
Felice,996.5
Berry,991.0
Artemis,990.0
Mozell,984.5
Chevy,982.5
Jaydan,972.0
Montgomery,969.0
Rain,967.0
Rana,967.0
Rowyn,964.5
Loyce,963.5
Donell,960.0
Ely,957.0
Everest,957.0
Payten,943.0
Rashida,943.0
Azrael,942.5
Marcell,941.0
Aven,938.0
Elan,938.0
Divine,934.5
Marcelle,926.0
Sequoia,925.0
Early,923.0
Merlyn,922.5
Matilde,921.5
Jere,917.0
Kaidyn,916.5
Denim,915.5
Hampton,914.5
Dakotah,913.0
Isamar,913.0
Simran,912.5
Codi,910.0
Kainoa,903.5
Rosio,900.0
Bowie,899.0
Darrian,897.5
Henri,897.5
Mikah,893.5
Gray,890.0
Khai,889.5
Jream,888.5
Wylie,885.0
Misha,878.0
Lennie,877.0
Jennings,873.5
Nori,871.5
Halley,870.0
Vernie,868.5
Nikola,867.0
Tenzin,866.5
Majesty,866.0
Nour,866.0
Demari,862.5
Demetri,859.0
Daniele,854.0
Carrington,851.5
Odalis,842.0
Shia,841.5
Brantlee,840.5
Rhyan,837.0
Wally,836.5
Bethel,832.0
Dyllan,829.5
Amit,827.0
Loy,825.5
Ezrah,821.0
Mendy,820.5
Shai,820.0
Shaya,816.0
Najee,813.5
Arie,813.0
Zakaria,810.0
Laine,804.5
Armoni,803.5
Kelby,801.5
Zia,800.0
Spenser,798.0
Ossie,795.5
Tai,794.5
Noam,792.0
Sia,787.5
Elzie,787.0
Simcha,787.0
Kenyetta,783.5
Hagen,778.5
Loyalty,776.5
Shalom,775.0
Rilee,773.5
Nate,772.0
Codie,764.5
Romaine,764.5
Kit,764.0
San,760.0
Torrance,755.5
Blayne,751.5
Chosen,751.0
Shawnee,747.5
Jourdan,745.0
Alvie,741.0
Keelan,737.0
Zephaniah,736.5
Shaquan,734.5
Honor,732.0
Irie,732.0
Cartier,727.5
Rashaun,727.5
Adrain,724.0
Mckay,720.0
Khamari,718.0
Sheron,714.0
Micaiah,712.5
Carnell,712.0
Dakoda,711.5
Erinn,710.5
Tristyn,710.0
Taylin,706.5
Mykel,705.5
Earlie,702.0
Ezell,701.0
Darrien,697.5
Schuyler,697.5
Rhodes,697.0
Zen,696.0
Gregoria,695.0
Arlyn,688.5
Jullian,687.5
Cameryn,686.0
Cedar,682.5
Krishna,681.5
Notnamed,681.5
Zephyr,681.5
Ripley,680.5
Corie,678.0
Janee,677.0
Lux,677.0
Aubry,675.0
Corbyn,675.0
Raine,671.5
Gaylon,671.0
Caron,670.0
Daylin,666.0
Beaux,665.0
Indy,659.5
Avion,655.5
Echo,653.5
Verlin,650.0
Ryatt,649.5
Alix,648.5
Keona,645.5
Kekoa,644.5
Kaelin,641.5
Khaza,641.0
Von,635.5
Mel,632.5
Montez,631.5
Timmie,631.0
Aris,628.0
Terrill,627.5
Khristian,623.5
Demetrice,622.5
Issa,622.0
Amor,617.0
Levy,615.5
Anel,609.0
Amarie,608.5
Damani,605.5
Bronx,600.0
Emmerson,599.0
Caprice,592.0
Zhane,592.0
Azari,590.5
Ren,589.5
Charleston,589.0
Laquan,585.0
Arin,584.5
Odie,582.0
Jermiah,580.5
Sinai,578.5
Babygirl,577.5
Ardell,576.5
Conley,576.0
Kimani,575.0
Davi,574.5
Kylin,574.5
Cris,571.5
Imari,570.0
Torey,569.5
Aman,567.0
Corliss,567.0
Jireh,566.5
Luverne,566.5
Versie,564.0
Kartier,562.0
Kallen,558.5
Neftali,558.5
Martine,553.0
Female,552.0
Charly,551.5
Jovon,546.5
Demetris,544.5
Evin,544.5
Jessiah,541.0
Jovi,538.0
Mickie,536.5
Jacy,535.0
Jrue,535.0
Clovis,534.5
Sherron,534.0
Curley,533.5
Pernell,533.5
Amauri,533.0
Foy,533.0
Dell,527.0
Ajani,524.5
Estel,524.5
Dennie,523.0
Dempsey,521.5
Jia,521.0
Kamil,521.0
Aime,518.5
Gracen,518.5
Emry,516.5
Leyton,511.0
Mecca,509.5
Linden,506.5
Taylen,503.5
Teegan,501.5
Arrow,500.5
Kiyomi,500.5
Aramis,499.5
Braedyn,498.5
Mikal,498.0
Arley,494.0
Page,493.0
Clemmie,490.5
Berlin,490.0
Harlyn,490.0
Bradlee,487.5
Izel,485.0
Breon,484.0
Lenox,483.5
Eman,483.0
Audry,481.5
Justyce,480.5
Cherokee,477.0
Grisel,475.0
Lipa,474.5
Ozzie,473.5
Indiana,472.5
Ara,468.5
Minh,467.5
Eris,467.0
Vester,466.0
Stoney,465.0
Jalani,463.0
Hartley,462.0
Lavell,462.0
Arlin,461.5
Josey,461.0
Bryer,459.0
Evon,456.5
Danyell,454.5
Ludie,454.5
Ennis,453.5
Clarke,453.0
Dereon,453.0
Jory,450.0
Maddix,447.5
Camari,442.0
Caelan,441.0
Quinlan,440.5
Nile,440.0
Jalin,439.0
Lamarr,439.0
Anay,437.5
Parrish,437.5
Deshon,435.0
Sekani,435.0
Anh,432.0
Marlow,432.0
Eldred,430.0
Lavelle,430.0
Nickie,428.5
Lucky,428.0
Tobi,425.0
Mallie,424.5
Verdell,424.5
Myka,424.0
Nery,421.5
Deandrea,419.5
Makari,419.0
Makiah,418.5
Chayse,416.5
Blayke,411.5
Lake,411.5
Zuriel,407.0
An,402.5
Auden,402.5
Farris,402.5
Dione,399.0
Burnell,398.0
Amen,394.5
Elie,393.5
Haidyn,392.0
Ozell,392.0
Verl,392.0
Allyn,391.5
Asiyah,390.0
Gennie,388.5
Lovell,388.5
Kylar,387.0
Asiah,386.5
Lotus,385.0
Demetric,384.5
Danyel,383.5
Kashmir,382.5
Kameryn,381.5
Mychal,381.0
Lashon,380.0
Golden,378.0
Krystian,376.0
Laramie,376.0
Raylen,375.5
Juno,375.0
Shawnta,374.0
Rasheen,371.0
Zamari,369.5
Nazareth,369.0
Levern,368.5
Truth,368.5
Navi,367.5
Shamel,366.5
Barrie,365.0
Sora,363.0
Larkin,359.5
Dru,358.5
Kevyn,358.0
Rylin,356.5
Apolinar,355.5
Davie,354.0
Jeriah,354.0
Kemari,354.0
Chozen,353.5
Ori,353.5
Kelcey,350.5
Lory,349.0
Kobi,348.0
Jadin,347.0
Milagro,347.0
Shannen,347.0
Slater,347.0
Berkeley,346.0
Elvie,344.0
Rivers,344.0
Davey,343.5
Itzae,343.5
Desi,342.5
Jaziah,340.5
Ova,340.5
Terrion,340.0
Airam,339.0
Avian,339.0
Sacha,338.5
Shaunte,338.0
Seneca,336.0
Kaimana,335.5
Zeppelin,335.5
Che,335.0
Damoni,335.0
Andree,334.5
Nabil,333.0
Zyan,328.0
Arion,327.5
Burnice,327.0
Daniell,326.0
Samar,326.0
Kalin,325.5
Mazi,325.0
Cam,323.0
Rumi,319.0
Ysabel,319.0
Emaan,318.0
Nuri,315.5
Nieves,314.5
Greer,313.5
Torrie,311.5
Adair,311.0
Cypress,309.0
Kalei,308.0
Cher,307.0
Emori,306.0
Linh,305.0
Brion,304.5
Mackenzi,302.5
Ridley,300.5
Loran,299.5
Ziggy,299.5
Bayley,297.5
Tramaine,297.5
Tonie,296.5
Hildred,294.5
Payson,294.0
Davy,289.0
Vinnie,288.0
Jupiter,287.0
Encarnacion,286.0
Sai,285.5
Christan,285.0
Bao,283.5
Jonell,283.5
Riyan,283.5
La,282.5
Karey,282.0
Thanh,280.5
Bryar,279.0
Joell,278.5
Venice,278.5
Blaize,278.0
Mars,277.5
Nana,277.5
Samari,276.5
Adel,276.0
Christain,276.0
Shaye,275.0
Mica,274.5
Arlis,274.0
Jaye,274.0
Oakland,273.5
Young,273.5
Naseem,273.0
Parris,272.5
Renley,272.5
Elza,272.0
Teigan,272.0
Eliyah,270.0
Dann,268.0
Woodie,266.5
Alaa,266.0
Corry,264.5
Shanti,264.5
Ventura,263.0
Kaedyn,261.5
Deniz,261.0
Kc,259.0
Aly,258.5
Khali,258.5
Kimi,258.5
Mykah,258.0
Darl,257.5
Lael,257.0
Markie,257.0
Ka,256.0
Cache,255.0
Collier,255.0
Cai,254.5
Townes,254.0
Yancy,253.5
Cove,252.5
Shirl,251.0
Cameran,250.5
Lakin,250.5
Denali,248.0
Phuong,247.5
Wynn,247.5
Shan,247.0
Tashawn,247.0
Tylar,247.0
Saba,246.5
Ashtin,245.0
Legaci,245.0
Thao,244.5
Jule,244.0
Alexie,243.5
Gabriele,243.0
Tal,243.0
Ashby,242.5
Lexington,242.5
Unnamed,242.0
Cree,241.5
Jaelin,241.5
Amando,240.0
Verlyn,238.0
Maven,237.5
Daelyn,237.0
Ahmari,236.5
Ivon,235.5
Keylin,235.0
Rebel,235.0
Kapri,234.5
Erie,233.0
Verle,232.5
Akari,232.0
Masyn,231.5
Yer,230.5
Jamaria,228.0
Kaylon,227.0
Emmanuelle,226.5
Crimson,226.0
Shilo,224.0
Surya,223.5
Alika,223.0
Kanon,223.0
Dayle,222.0
Abisai,221.5
Colon,220.5
Emrys,220.0
Naveen,219.5
Ozie,219.5
Rossie,219.5
Nima,219.0
Rayaan,219.0
Riot,219.0
Lannie,218.5
Myrle,218.5
Yuki,218.5
Dasani,218.0
Jaelen,216.5
Hala,215.5
Lynell,215.5
Gwyn,213.5
Laiken,213.5
Mischa,213.5
Witten,213.5
Jin,212.5
Macon,212.5
Tam,212.5
Jadan,211.0
Lashaun,210.5
Kiernan,208.5
Ashten,207.5
Taran,207.0
Kamani,205.0
Janiel,204.0
Adonai,203.5
Deane,203.5
Kasyn,203.5
Corin,201.5
Kareen,201.5
Lyrik,201.5
Aseel,199.5
Daryn,199.0
Ayven,198.0
Lior,197.5
Gaylen,197.0
Murl,197.0
Chaka,196.5
Valen,196.0
Emari,195.5
Shamari,193.0
Keena,189.5
Iran,187.0
Pearly,186.5
Jaxyn,185.5
Kinnick,185.5
Kaydin,184.5
Jaydyn,183.5
Bee,183.0
Cheng,183.0
Kao,182.0
Meng,181.5
My,180.5
Bayan,180.0
Eastyn,179.0
Jru,178.5
Timber,178.0
Cleotha,177.5
Aziah,176.5
Victory,176.5
Adi,176.0
Izzy,175.5
Jae,175.5
Tylee,175.0
Kary,174.0
Kobie,171.5
Alexsis,171.0
Reda,170.0
Ellington,169.0
Jaidan,168.0
Wisdom,166.5
Atlee,166.0
Dawsyn,166.0
Vanna,165.0
Kym,164.5
Merced,164.5
Micky,164.5
Toi,164.0
Ekam,163.5
Delaine,162.5
Fredi,162.5
Myrl,162.5
Alexandr,161.5
Amoni,161.5
Nyjah,161.5
Deondra,160.0
Lonie,160.0
Huntley,159.5
De,159.0
Doyce,158.5
Swayze,158.5
Makana,157.0
Thien,157.0
Jaspreet,156.5
Romie,155.5
Amrit,155.0
Cyan,155.0
Raylin,153.5
Shomari,153.0
Mylan,152.0
Winslow,152.0
Amere,151.5
Carlin,151.0
Jentry,151.0
Onie,151.0
Tiernan,150.0
Kaelan,149.5
Kodie,149.5
Luan,149.5
Dwan,149.0
Justis,148.5
Khamani,148.5
Royale,148.0
Eliah,147.0
Glennis,146.0
Verlon,146.0
Dany,145.5
Abrar,145.0
Halston,145.0
Omega,145.0
Halen,144.5
Psalm,144.5
Rooney,144.5
Baily,144.0
Ascencion,143.5
Devine,143.5
Carman,142.5
Fenix,142.0
Kolbie,142.0
Remmy,142.0
Han,141.0
Ger,139.5
Yarel,139.5
Vi,138.5
Ameya,137.5
Blakeley,137.5
Breckyn,137.5
Ryen,137.0
Choua,136.0
Lyndell,136.0
Yeng,136.0
Lakota,135.5
Morgen,135.0
Nijah,135.0
Rilyn,135.0
Gabriell,134.5
Sandeep,133.5
Cornelious,132.0
Layken,131.5
Quincey,131.5
Adama,130.5
Chong,130.5
Morrison,130.5
Aaryn,129.5
Ikea,129.5
Cadyn,129.0
Miko,129.0
Glyn,128.5
Kaisyn,128.5
Revan,128.0
Haylen,127.5
Dung,126.5
Amarii,126.0
Johnnye,125.5
Shade,125.5
Stephane,125.5
Bernell,125.0
Payden,124.0
Ronit,124.0
Kiari,123.5
Lajuan,123.5
Jeffie,122.0
Lan,122.0
Manpreet,121.5
Aarin,120.0
Ayomide,120.0
Hoang,120.0
Copeland,119.5
Gabrial,119.0
Koi,118.5
Asencion,117.5
Acie,117.0
Reegan,117.0
Harman,116.0
Kamauri,114.5
Navid,114.5
Ryver,114.5
Isley,114.0
Son,114.0
Tomie,114.0
Blue,113.5
Nevada,113.5
Harpreet,113.0
Kamrin,112.5
Evyn,112.0
Onnie,112.0
Gurnoor,111.5
Asante,111.0
Carlisle,109.0
Azure,108.5
Catlin,108.5
Rani,108.5
Cayce,108.0
Nihal,108.0
Ezri,107.5
Ilya,107.5
Praise,107.5
Amaree,107.0
Ricci,106.0
Shonte,106.0
Verner,106.0
Keala,104.5
Kinsler,104.5
Marquette,104.5
Aviv,104.0
Sascha,104.0
Junie,103.0
Matty,103.0
Auburn,102.5
Neri,102.5
Nou,102.5
Gurpreet,101.0
Rei,101.0
Imaan,100.5
Kree,100.5
Osie,100.0
Linn,99.5
Tien,99.0
Dylann,98.0
Tobey,98.0
Yu,97.0
Kimmie,96.5
Brazos,96.0
Yan,95.5
Sivan,95.0
Lashun,94.0
Yareth,94.0
October,93.5
Sehaj,93.0
Montie,92.0
Brailyn,91.5
Camrin,91.5
Evian,91.0
Arnie,90.5
Harbor,90.5
Rion,90.5
Brownie,89.5
Edlin,89.5
Kenyata,88.5
Namari,88.5
Sun,88.5
Jimi,87.5
Mikell,87.5
Talin,87.5
Clois,87.0
Jonte,87.0
Quin,87.0
Seena,87.0
Agam,86.5
Chee,86.5
Jamelle,86.5
Hong,86.0
Sang,85.5
Yong,85.5
Ariyan,85.0
Ziah,85.0
Anmol,84.5
Chi,84.0
Kamalani,84.0
Caidyn,83.5
Chesley,83.0
Eh,83.0
Hanh,83.0
Hoa,82.5
Aster,82.0
Autry,82.0
Hudsyn,82.0
Allante,81.5
Carmon,81.5
Danell,80.5
Karry,80.5
Mar,80.5
Rhiley,80.0
Eliya,79.5
Riki,79.0
Atha,78.5
Kazi,78.5
Mercer,78.5
Shoua,78.5
Talyn,78.0
Texas,78.0
Ashlan,77.5
Trine,77.0
Keahi,76.5
Khanh,76.5
Lugene,76.5
Simmie,76.5
Caroll,76.0
Zaylin,76.0
Ha,75.0
Corby,74.5
Chaney,74.0
Kaoru,73.5
Karel,73.5
Summit,73.5
Harnoor,73.0
Oluwadarasimi,73.0
Tandy,73.0
Callaway,72.5
Sina,72.5
Yee,72.5
Lowen,72.0
Embry,71.5
Kam,71.5
Alexes,70.0
Chan,70.0
Laakea,70.0
Scotland,70.0
Cashmere,69.5
Jazz,69.5
Bela,69.0
Jona,69.0
Sinclair,69.0
Kailen,68.5
Jaydee,67.5
Peace,67.5
Rhythm,67.5
Haile,67.0
Oval,67.0
Murrell,66.5
Sully,66.5
Tennyson,66.5
Asani,66.0
Donnis,66.0
Kior,66.0
Mandeep,66.0
Temple,66.0
Toy,66.0
Landis,65.5
Mana,65.5
Yen,65.5
Avon,65.0
Child,65.0
Mycah,65.0
Trini,65.0
Atley,64.5
Rogue,64.5
Shadi,64.0
Feliz,63.5
Kayan,63.5
Jodeci,63.0
Paz,62.5
Roshawn,62.5
Vashon,62.5
Chozyn,62.0
Infantof,62.0
Kirin,62.0
Amandeep,61.5
Soul,61.5
Valley,61.5
Nasim,61.0
Tamer,61.0
Arda,60.5
Posey,60.5
Esli,60.0
Jaydn,60.0
Kharter,60.0
Mena,60.0
Salah,60.0
Tanay,59.5
Yared,59.5
Aldine,59.0
Mannie,59.0
Nai,59.0
Sonam,58.5
Sung,58.5
Ying,58.5
Ciel,58.0
Harjot,58.0
Jerre,58.0
Wei,58.0
Aaren,57.5
Andersen,57.5
Binh,57.0
Consepcion,57.0
Dondi,57.0
Koy,57.0
Lemon,57.0
Seng,56.5
Alante,56.0
Drue,56.0
Adrean,55.5
Sagan,55.0
Chayanne,54.5
Chidera,54.5
Graycen,54.5
Jaydenn,54.5
Teagen,54.0
Moon,53.0
Tarin,53.0
Kashmere,52.5
Danyale,51.5
Jasiyah,51.5
Hamdi,50.5
Hien,50.5
Jezreel,50.5
Juel,50.0
Abriel,49.5
Chau,49.5
Lindley,49.5
Ottie,49.5
Tobie,49.5
Enes,49.0
Nhia,49.0
Bralyn,48.5
Maika,48.5
Sha,48.5
Teddie,48.5
Rudi,47.5
Jahlani,47.0
Chosyn,46.5
Donelle,46.5
Jensyn,46.5
Marvis,46.5
Neema,46.5
Denym,46.0
Mitsuru,46.0
Taylan,46.0
Shiva,45.5
Christia,45.0
Lennis,45.0
Micha,45.0
Unkown,45.0
Weslee,45.0
Donzell,44.5
Argie,44.0
Arnell,43.5
Blu,43.5
Terran,43.5
Bleu,43.0
Coda,43.0
Maeson,43.0
Maysen,43.0
Troi,43.0
Tu,42.5
Amori,42.0
Mills,42.0
Ravon,42.0
Skylor,42.0
Wrigley,42.0
Afnan,41.5
Lynnox,41.5
Prestyn,41.5
Cleofas,41.0
Freedom,41.0
Neftaly,41.0
Bless,40.5
Earnie,40.5
Marne,40.5
Matisse,40.5
Pressley,40.5
Wai,40.5
Alexiz,40.0
Halsey,40.0
Kona,40.0
Cobi,39.0
Diamante,39.0
Elgie,39.0
Yi,39.0
Anhad,38.5
Brittan,38.5
Chisom,38.5
Eri,38.5
Kawena,38.5
Lanier,38.0
Rael,38.0
Rahil,38.0
Hadyn,37.5
Neko,37.5
Amory,37.0
Houa,37.0
Chai,36.5
Jasdeep,36.5
Uriyah,36.5
Bawi,36.0
Gagandeep,36.0
Haru,36.0
Jaleen,36.0
Kamalei,36.0
Schyler,36.0
Trenell,36.0
Chaise,35.5
July,35.5
Maryland,35.5
Monserrate,35.5
Shaheen,35.5
Tennessee,35.5
Joud,35.0
Jung,35.0
Clide,34.5
Deavion,34.5
Floyce,34.5
Manjot,34.5
Million,34.5
Camile,34.0
Terryl,34.0
Britain,33.5
Derin,33.5
Mackie,33.5
Dallis,33.0
Dayan,33.0
Kemani,32.5
Lavaughn,32.5
Lynden,32.5
Lennix,32.0
Zenith,32.0
Ah,31.5
Raynell,31.5
Yannis,31.5
Yuma,31.0
Armanii,30.5
Devonne,30.5
Ilia,30.5
Kijana,30.5
Le,30.5
Kamsiyochukwu,30.0
Vola,30.0
Braylyn,29.5
Demani,29.5
Indra,29.5
Ireoluwa,29.5
Jianni,29.5
Rama,29.5
Brylen,29.0
Chia,29.0
Ly,28.5
Makell,28.5
Oluwademilade,28.5
Yuval,28.5
Bergen,28.0
Enis,28.0
Kem,28.0
Teigen,28.0
Abeer,27.5
Aimar,27.5
Arshia,27.5
Arlee,27.0
Carmin,27.0
Collyn,27.0
Kelechi,27.0
Rai,27.0
Altair,26.5
Kailan,26.5
Loise,26.5
Ming,26.5
Hillery,26.0
Honest,26.0
Keylen,26.0
Ladell,26.0
Manvir,26.0
Phuc,26.0
Yang,26.0
Americus,25.5
Ifeoluwa,25.0
Li,25.0
Min,25.0
Amil,24.5
Gurjot,24.5
Jasmeet,24.5
Daryan,24.0
Orie,24.0
Reynolds,24.0
Kaegan,23.5
Numa,23.5
Ovie,23.5
Leshawn,23.0
Loghan,23.0
Nogivenname,23.0
Oluwatamilore,23.0
Puneet,23.0
Shian,23.0
Sharone,22.5
Tyrion,22.5
Avry,22.0
Dao,22.0
Kemoni,22.0
Marshell,22.0
Mayan,22.0
Amanpreet,21.5
Crosley,21.5
Felis,21.5
Gianny,21.5
Hiawatha,21.5
Jamy,21.5
Merril,21.5
Zi,21.5
Amel,21.0
Bora,21.0
Keelyn,21.0
Man,21.0
Norvell,21.0
Oluwanifemi,21.0
Sani,21.0
Arvis,20.5
Dorsie,20.5
Ivery,20.5
Rozell,20.5
Sonnie,20.5
Navdeep,20.0
Soua,20.0
Alexy,19.5
Astin,19.5
Hani,19.5
Oreoluwa,19.5
Tuyen,19.5
Unborn,19.5
Arvie,19.0
Orel,19.0
Tonnie,19.0
Clary,18.5
Londen,18.5
Rayn,18.5
Trystin,18.5
Demaris,18.0
Mirza,18.0
Munachimso,18.0
Navjot,18.0
Skylan,18.0
Kendel,17.5
Trenidad,17.5
Arshdeep,17.0
Edell,17.0
Larrie,17.0
Name,17.0
Olamide,17.0
Paxtyn,17.0
Sakae,17.0
Anant,16.5
Climmie,16.5
Kaena,16.5
Maze,16.5
Shine,16.5
Wen,16.5
Damaria,16.0
Jaquay,16.0
Jaydeen,16.0
Okie,16.0
Ravneet,16.0
Xue,16.0
Yoshimi,16.0
Bayler,15.5
Cledith,15.5
Clemence,15.5
Ermal,15.5
Lemmie,15.5
Rennie,15.5
Robie,15.5
Sequoyah,15.5
Shondell,15.5
Siah,15.5
Tamari,15.5
Zailyn,15.5
Gal,15.0
Kyri,15.0
Perris,15.0
Breslin,14.5
Daris,14.5
Lavoris,14.5
Xiao,14.5
Dezi,14.0
Newborn,14.0
Shawndell,14.0
Renne,13.5
Sukhman,13.5
Yoshi,13.5
Abyan,13.0
Alexx,13.0
Avo,13.0
Davonne,13.0
Evann,13.0
Grier,13.0
Jasani,13.0
Mahari,13.0
Rande,13.0
Reiley,13.0
Tanis,13.0
Thuan,13.0
Wendelin,13.0
Delane,12.5
Rameen,12.5
Vestal,12.5
Almer,12.0
Collen,12.0
Francesc,12.0
Lean,12.0
Myers,12.0
Terren,12.0
Alik,11.5
Copper,11.5
Negan,11.5
Sabree,11.5
Arleigh,11.0
Ayodele,11.0
Dilpreet,11.0
Harlo,11.0
Nolie,11.0
Phenix,11.0
Ariyon,10.5
Ary,10.5
Domanique,10.5
Monta,10.5
Oluwasemilore,10.5
Rudell,10.5
Tsering,10.5
Udell,10.5
Yamari,10.5
Aiman,10.0
Cobie,10.0
Dossie,10.0
Ja,10.0
Maki,10.0
Merit,10.0
Naziah,10.0
Pheonix,10.0
Terez,10.0
Zakiah,10.0
Jamile,9.5
Jiayi,9.5
Nazaret,9.5
Nasiah,9.0
Temiloluwa,9.0
Aldean,8.5
Decklyn,8.5
Edris,8.5
Farron,8.5
Hinckley,8.5
Iremide,8.5
Kinta,8.5
Loney,8.5
Mavi,8.5
Motley,8.5
Wing,8.5
Yuan,8.5
Yue,8.5
Zixuan,8.5
Ascension,8.0
Caelin,8.0
Doua,8.0
Elim,8.0
English,8.0
Gradie,8.0
Kingslee,8.0
Lattie,8.0
Ngawang,8.0
Oddie,8.0
Opha,8.0
Redell,8.0
Revel,8.0
Void,8.0
Winsley,8.0
Yoltzin,8.0
Artha,7.5
Brit,7.5
Darnelle,7.5
Deundra,7.5
Ebbie,7.5
Giani,7.5
Gordie,7.5
Hyun,7.5
Kriss,7.5
Toryn,7.5
Vertis,7.5
Waver,7.5
Zahari,7.5
Oluwadamilola,7.0
Garnell,6.0
Huxlee,6.0
Jaidin,6.0
Lasean,6.0
Lunden,6.0
Olie,6.0
Tanveer,6.0
Ynes,6.0
Beren,5.5
Chapel,5.5
Jaskirat,5.5
Kippy,5.5
Luxe,5.5
Marice,5.5
Maxi,5.5
Osa,5.5
Othello,5.5
Tashi,5.5
Tevis,5.5
Vandy,5.5
Addis,5.0
Albie,5.0
Asuncion,5.0
Bentlie,5.0
Britten,5.0
Cevyn,5.0
Darriel,5.0
Deshone,5.0
Diarra,5.0
Gemini,5.0
Guadlupe,5.0
Jency,5.0
Kahne,5.0
Kayron,5.0
Luddie,5.0
Majestic,5.0
Marquelle,5.0
Marrion,5.0
Munachiso,5.0
Murel,5.0
Oasis,5.0
Peni,5.0
Rajdeep,5.0
Rowe,5.0
Salam,5.0
Shaune,5.0
Shylo,5.0
Sophana,5.0
Terin,5.0
Trust,5.0
Yihan,5.0
